1,Ellery,Lackinton,elackinton0@addtoany.com
2,Sayers,Burrill,sburrill1@ifeng.com
3,Ricoriki,Jacqueme,rjacqueme2@networkadvertising.org
4,Cynthea,Ebbage,cebbage3@soundcloud.com
5,Mendie,Gehrtz,mgehrtz4@economist.com
6,Kellia,Asker,kasker5@independent.co.uk
7,Bonny,Impey,bimpey6@behance.net
8,Lynne,Usmar,lusmar7@instagram.com
9,Bryn,Binning,bbinning8@tmall.com
10,Eadith,Cramer,ecramer9@vk.com
11,Kori,Bolin,kbolina@webmd.com
12,Yard,Tredget,ytredgetb@com.com
13,Hephzibah,Kellaway,hkellawayc@slashdot.org
14,Chance,Keming,ckemingd@smugmug.com
15,Barbi,Damrell,bdamrelle@sbwire.com
16,Murray,Ashlee,mashleef@arstechnica.com
17,Steffen,Duckerin,sduckering@washington.edu
18,Maribel,Pavolillo,mpavolilloh@aol.com
19,Minne,Burchatt,mburchatti@google.co.jp
20,Bord,Possa,bpossaj@opensource.org
21,Marysa,Valder,mvalderk@indiatimes.com
22,Stephana,Billborough,sbillboroughl@phpbb.com
23,Weidar,Tomini,wtominim@reddit.com
24,Hatty,Castaneda,hcastanedan@canalblog.com
25,Sly,Ferrers,sferrerso@sbwire.com
26,Gaby,Dunrige,gdunrigep@statcounter.com
27,Mar,Bamling,mbamlingq@spotify.com
28,Constantina,Finden,cfindenr@sogou.com
29,Dorene,Gerler,dgerlers@shareasale.com
30,Tallou,Stegers,tstegerst@wunderground.com
31,Freemon,McCarter,fmccarteru@sun.com
32,Jocelin,Worland,jworlandv@vk.com
33,Emeline,Rilton,eriltonw@nydailynews.com
34,Nicki,Diboll,ndibollx@fema.gov
35,Putnem,Grinsted,pgrinstedy@answers.com
36,Cassie,Poytress,cpoytressz@github.com
37,Bailey,Ruddom,bruddom10@yahoo.com
38,Alaster,Bellison,abellison11@devhub.com
39,Nikos,Gallaher,ngallaher12@51.la
40,Broddy,Casotti,bcasotti13@bbc.co.uk
41,Silvester,Lytlle,slytlle14@baidu.com
42,Dedie,Duding,dduding15@yale.edu
43,Dawn,Sloper,dsloper16@nih.gov
44,Neil,Hatley,nhatley17@google.it
45,Betti,Heeley,bheeley18@blogspot.com
46,Jethro,Cockshot,jcockshot19@godaddy.com
47,Adamo,Maughan,amaughan1a@delicious.com
48,Taite,Straine,tstraine1b@youku.com
49,Christoforo,Martindale,cmartindale1c@bluehost.com
50,Vyky,Kerrey,vkerrey1d@cyberchimps.com
51,Siouxie,Lownes,slownes1e@wikipedia.org
52,Amitie,de Glanville,adeglanville1f@thetimes.co.uk
53,Daffy,Larway,dlarway1g@boston.com
54,Charlton,Pfeffer,cpfeffer1h@slashdot.org
55,Ethelind,Connichie,econnichie1i@plala.or.jp
56,Leanna,De Lacey,ldelacey1j@dailymotion.com
57,Ashia,Dawks,adawks1k@dropbox.com
58,Myrtie,Bradborne,mbradborne1l@ifeng.com
59,Park,Dybell,pdybell1m@1688.com
60,Georgena,Caudwell,gcaudwell1n@epa.gov
61,Jackie,Swanborrow,jswanborrow1o@plala.or.jp
62,Stanislaus,Romero,sromero1p@cafepress.com
63,Kelley,Middleweek,kmiddleweek1q@pen.io
64,Ezri,Picott,epicott1r@ezinearticles.com
65,Rosamund,Troker,rtroker1s@angelfire.com
66,Truman,Lanchberry,tlanchberry1t@plala.or.jp
67,Kienan,Guillot,kguillot1u@bigcartel.com
68,Lishe,Ollier,lollier1v@google.pl
69,Celle,Rosoni,crosoni1w@odnoklassniki.ru
70,Hank,Jeandel,hjeandel1x@hugedomains.com
71,Hedvig,Crompton,hcrompton1y@samsung.com
72,Erma,Workman,eworkman1z@patch.com
73,Kerri,Vipan,kvipan20@istockphoto.com
74,Griffie,Creamer,gcreamer21@godaddy.com
75,Quintin,Flury,qflury22@weather.com
76,Marybelle,Boltwood,mboltwood23@blogtalkradio.com
77,Nicolette,McCord,nmccord24@freewebs.com
78,Julienne,Tetford,jtetford25@dion.ne.jp
79,Conn,Bleibaum,cbleibaum26@sina.com.cn
80,Norene,Eagger,neagger27@engadget.com
81,Timoteo,Westwell,twestwell28@msu.edu
82,Brien,Foyle,bfoyle29@ucoz.ru
83,Georgeta,Milkins,gmilkins2a@cocolog-nifty.com
84,Cullan,Coonan,ccoonan2b@soup.io
85,Ruthy,Francke,rfrancke2c@wiley.com
86,Halimeda,Boichat,hboichat2d@t-online.de
87,Mikael,Costall,mcostall2e@rakuten.co.jp
88,Morly,Shirland,mshirland2f@ow.ly
89,Paton,Basilio,pbasilio2g@lycos.com
90,Courtnay,Leipoldt,cleipoldt2h@purevolume.com
91,Renado,Yardy,ryardy2i@moonfruit.com
92,Gabbey,Poller,gpoller2j@goo.ne.jp
93,Harmonia,Breinlein,hbreinlein2k@imdb.com
94,Ermin,Jenkison,ejenkison2l@omniture.com
95,Devin,Worters,dworters2m@boston.com
96,Gloria,Hellin,ghellin2n@paginegialle.it
97,Felecia,O'Lynn,folynn2o@wikispaces.com
98,Carlynn,Sissens,csissens2p@washington.edu
99,Yorke,Briance,ybriance2q@economist.com
100,Lacie,Tuplin,ltuplin2r@wordpress.com
101,Ilise,Westfalen,iwestfalen2s@hubpages.com
102,Christoffer,Lamplough,clamplough2t@privacy.gov.au
103,Mavis,Philp,mphilp2u@sohu.com
104,Jamima,Itzakson,jitzakson2v@about.me
105,Sandy,Covell,scovell2w@creativecommons.org
106,Wrennie,Bracco,wbracco2x@springer.com
107,Marisa,Thatcham,mthatcham2y@simplemachines.org
108,Teador,Wilcock,twilcock2z@who.int
109,Joanne,Lesper,jlesper30@marketwatch.com
110,Jemima,Keep,jkeep31@nifty.com
111,Andra,Grouen,agrouen32@de.vu
112,Enrique,Kester,ekester33@ted.com
113,Nigel,MacCaughey,nmaccaughey34@google.com.au
114,Sampson,Cottem,scottem35@vimeo.com
115,Etienne,Vella,evella36@tinypic.com
116,Cherlyn,Poynser,cpoynser37@home.pl
117,Clerissa,O' Donohue,codonohue38@exblog.jp
118,Quintin,Honsch,qhonsch39@slashdot.org
119,Dennie,Locker,dlocker3a@blogspot.com
120,Darcie,Haysey,dhaysey3b@edublogs.org
121,Rudd,Tonner,rtonner3c@lulu.com
122,Sean,Merrgan,smerrgan3d@furl.net
123,Inness,Herrero,iherrero3e@netlog.com
124,Elissa,Donkersley,edonkersley3f@wired.com
125,Jacqui,Covendon,jcovendon3g@apache.org
126,Gustavo,Ainge,gainge3h@i2i.jp
127,Robbi,Kirwood,rkirwood3i@wikispaces.com
128,Hansiain,Dowdell,hdowdell3j@ucsd.edu
129,Sammie,Gawith,sgawith3k@princeton.edu
130,Traver,Girkins,tgirkins3l@prnewswire.com
131,Ashbey,Bomfield,abomfield3m@biblegateway.com
132,Yorke,Labet,ylabet3n@miibeian.gov.cn
133,Sigrid,Gwinn,sgwinn3o@photobucket.com
134,Odessa,Dyers,odyers3p@utexas.edu
135,Kristin,Culp,kculp3q@latimes.com
136,Josiah,Teaze,jteaze3r@shop-pro.jp
137,Cleopatra,Ellaman,cellaman3s@bloglines.com
138,Selia,Gilluley,sgilluley3t@wikimedia.org
139,Ethe,Robberecht,erobberecht3u@cbslocal.com
140,Aldin,Schoolcroft,aschoolcroft3v@addthis.com
141,Desi,Ruos,druos3w@simplemachines.org
142,Inger,Savoury,isavoury3x@netvibes.com
143,Nilson,Deniso,ndeniso3y@163.com
144,Claire,Prickett,cprickett3z@multiply.com
145,Kirby,Rabjohn,krabjohn40@ycombinator.com
146,Alleyn,Shelton,ashelton41@ox.ac.uk
147,Henrie,Durnin,hdurnin42@rambler.ru
148,Daphne,Tubritt,dtubritt43@earthlink.net
149,Mano,Brickett,mbrickett44@businesswire.com
150,Mayer,Schechter,mschechter45@fda.gov
151,Melania,Palmby,mpalmby46@clickbank.net
152,Darleen,Houtby,dhoutby47@dropbox.com
153,Letizia,Loughren,lloughren48@qq.com
154,Karyn,Quixley,kquixley49@phoca.cz
155,Sterling,Mountcastle,smountcastle4a@netlog.com
156,Meggy,Comber,mcomber4b@fastcompany.com
157,Pauly,Jickells,pjickells4c@homestead.com
158,Malcolm,Purviss,mpurviss4d@cornell.edu
159,Alva,Furlow,afurlow4e@constantcontact.com
160,Lorant,Foulcher,lfoulcher4f@yolasite.com
161,Suzi,Blanchette,sblanchette4g@last.fm
162,Sammie,Scaplehorn,sscaplehorn4h@bbb.org
163,Burt,Oakes,boakes4i@diigo.com
164,Anissa,Ilden,ailden4j@usda.gov
165,Orin,Knyvett,oknyvett4k@canalblog.com
166,Henri,Picknett,hpicknett4l@barnesandnoble.com
167,Gusty,Barfoot,gbarfoot4m@psu.edu
168,Perkin,Vynarde,pvynarde4n@smugmug.com
169,Sascha,Sidebotham,ssidebotham4o@huffingtonpost.com
170,Benita,Lief,blief4p@jigsy.com
171,Malissa,Duddy,mduddy4q@usgs.gov
172,Randal,Drover,rdrover4r@blog.com
173,Rosalie,Rack,rrack4s@imageshack.us
174,Barbabas,Akrigg,bakrigg4t@cornell.edu
175,Reinald,Stranger,rstranger4u@pbs.org
176,Dianemarie,Goodbanne,dgoodbanne4v@un.org
177,Marianne,O'Hartnett,mohartnett4w@miibeian.gov.cn
178,Estele,Wellfare,ewellfare4x@slate.com
179,Lola,McCaughan,lmccaughan4y@bloomberg.com
180,Kim,Dwelley,kdwelley4z@squidoo.com
181,Cyrille,Tregien,ctregien50@istockphoto.com
182,Maurene,Jacobsen,mjacobsen51@amazon.de
183,Elwyn,Chettoe,echettoe52@wiley.com
184,Uriel,Piddlehinton,upiddlehinton53@biglobe.ne.jp
185,Garrot,Mowne,gmowne54@dot.gov
186,Portia,Grigorey,pgrigorey55@amazon.co.jp
187,Rip,Hagley,rhagley56@adobe.com
188,Erin,Kenderdine,ekenderdine57@last.fm
189,Husain,Ceschini,hceschini58@yandex.ru
190,Dani,Teek,dteek59@desdev.cn
191,Vincents,McGavigan,vmcgavigan5a@themeforest.net
192,Katerine,Bangs,kbangs5b@indiegogo.com
193,Austin,Vern,avern5c@walmart.com
194,Muire,Neary,mneary5d@gizmodo.com
195,Euell,Mishow,emishow5e@pinterest.com
196,Gertruda,Robinett,grobinett5f@dagondesign.com
197,Johnette,Gueinn,jgueinn5g@sfgate.com
198,Rowan,Kittoe,rkittoe5h@sphinn.com
199,Zandra,McGinlay,zmcginlay5i@fema.gov
200,Lem,Larrat,llarrat5j@gnu.org
201,Joeann,Jervis,jjervis5k@opensource.org
202,Emmi,Tomadoni,etomadoni5l@forbes.com
203,Valentine,Shoubridge,vshoubridge5m@google.nl
204,Murray,Brymner,mbrymner5n@china.com.cn
205,Craggy,Wattingham,cwattingham5o@bing.com
206,Minni,Heaney`,mheaney5p@pcworld.com
207,Thurstan,Andriesse,tandriesse5q@geocities.com
208,Helli,Boriston,hboriston5r@gnu.org
209,Rodie,McGaugey,rmcgaugey5s@ebay.co.uk
210,Ker,Fasey,kfasey5t@etsy.com
211,Gaven,Heigho,gheigho5u@hhs.gov
212,Thibaut,Spandley,tspandley5v@home.pl
213,Dione,Wissbey,dwissbey5w@163.com
214,Hyatt,Hammor,hhammor5x@prlog.org
215,Jillayne,Kyme,jkyme5y@indiegogo.com
216,Paddie,Schollar,pschollar5z@china.com.cn
217,Celka,Antonich,cantonich60@sciencedirect.com
218,Farly,Geere,fgeere61@columbia.edu
219,Deeyn,Masterman,dmasterman62@parallels.com
220,Blair,Elsie,belsie63@over-blog.com
221,Micheal,Santacrole,msantacrole64@reverbnation.com
222,Maria,Gathercole,mgathercole65@baidu.com
223,Flori,Pimblett,fpimblett66@addtoany.com
224,Fulvia,Grosvenor,fgrosvenor67@samsung.com
225,Godfry,Spriggen,gspriggen68@arizona.edu
226,Wren,Tuffey,wtuffey69@shareasale.com
227,Willy,Korda,wkorda6a@oakley.com
228,Meredith,Innman,minnman6b@nytimes.com
229,Dode,Morl,dmorl6c@dedecms.com
230,Cacilie,Talboy,ctalboy6d@blog.com
231,Haskel,Bohling,hbohling6e@squidoo.com
232,Josias,McParland,jmcparland6f@cargocollective.com
233,Heidi,Syalvester,hsyalvester6g@eventbrite.com
234,Fairfax,Richfield,frichfield6h@nature.com
235,Andreas,Ishaki,aishaki6i@seattletimes.com
236,Shelton,Wyer,swyer6j@last.fm
237,Paolina,Squelch,psquelch6k@amazon.com
238,Tessi,Brockbank,tbrockbank6l@wsj.com
239,Chauncey,McLenaghan,cmclenaghan6m@toplist.cz
240,Job,Bestwick,jbestwick6n@reference.com
241,Lee,Dunderdale,ldunderdale6o@gizmodo.com
242,Anet,Denisyuk,adenisyuk6p@moonfruit.com
243,Thebault,Oppie,toppie6q@sourceforge.net
244,Hort,Pettisall,hpettisall6r@feedburner.com
245,Allyson,Exrol,aexrol6s@github.com
246,Ricard,Vanstone,rvanstone6t@state.tx.us
247,Ramonda,Lampaert,rlampaert6u@wikimedia.org
248,Brandy,Trays,btrays6v@liveinternet.ru
249,Bunni,Di Domenico,bdidomenico6w@shutterfly.com
250,Sonnie,Tilston,stilston6x@redcross.org
251,Emelina,Woodburne,ewoodburne6y@blinklist.com
252,Gloria,Danilowicz,gdanilowicz6z@mac.com
253,Deeyn,Bartoloma,dbartoloma70@ovh.net
254,Dolores,Yabsley,dyabsley71@google.com.au
255,Lowe,Dudding,ldudding72@google.com.au
256,Eddie,Elleray,eelleray73@moonfruit.com
257,Felice,Yaneev,fyaneev74@umn.edu
258,Dana,Newiss,dnewiss75@netscape.com
259,Kameko,Eger,keger76@dot.gov
260,Yvor,Jozwicki,yjozwicki77@jigsy.com
261,Darrick,Reyne,dreyne78@japanpost.jp
262,Alasteir,Yerlett,ayerlett79@virginia.edu
263,Lani,O' Liddy,loliddy7a@newyorker.com
264,Carola,MacCarrick,cmaccarrick7b@so-net.ne.jp
265,Terrill,Karlik,tkarlik7c@intel.com
266,Harriet,Clapston,hclapston7d@fda.gov
267,Werner,Gisborne,wgisborne7e@fotki.com
268,Novelia,Orrill,norrill7f@hatena.ne.jp
269,Marian,Khomishin,mkhomishin7g@amazon.co.jp
270,Dawn,Espie,despie7h@hatena.ne.jp
271,Hersch,Galbreth,hgalbreth7i@wordpress.com
272,Gardie,Fetherby,gfetherby7j@redcross.org
273,Ingeborg,Digg,idigg7k@w3.org
274,Cleavland,Mulliner,cmulliner7l@vinaora.com
275,Garvin,Cathersides,gcathersides7m@ca.gov
276,Bern,Milroy,bmilroy7n@berkeley.edu
277,Creight,Ege,cege7o@sphinn.com
278,Heather,Daglish,hdaglish7p@diigo.com
279,Tuesday,Verlander,tverlander7q@umich.edu
280,Giacomo,Wisedale,gwisedale7r@amazon.de
281,Starlin,Gibbs,sgibbs7s@phpbb.com
282,Lizette,Biggadike,lbiggadike7t@arstechnica.com
283,Shannen,Harg,sharg7u@ucsd.edu
284,Dorella,Moresby,dmoresby7v@oracle.com
285,Dulciana,Sartin,dsartin7w@wikipedia.org
286,Spenser,Pigram,spigram7x@ca.gov
287,Jocelyn,Langham,jlangham7y@netvibes.com
288,Joby,Nano,jnano7z@cdc.gov
289,Florida,Roach,froach80@tripod.com
290,Lelia,Gregoire,lgregoire81@google.com.br
291,Janis,Bellin,jbellin82@qq.com
292,Wendall,Wyldes,wwyldes83@unc.edu
293,Thurston,Krebs,tkrebs84@ameblo.jp
294,Irwinn,Nudds,inudds85@myspace.com
295,Keenan,Hainning,khainning86@comsenz.com
296,Liuka,Ashleigh,lashleigh87@delicious.com
297,Fanni,Cheesman,fcheesman88@google.ca
298,Fredric,Muris,fmuris89@mail.ru
299,Dean,Petrillo,dpetrillo8a@nba.com
300,Ram,Hirthe,rhirthe8b@creativecommons.org
301,Wendell,Wragg,wwragg8c@oaic.gov.au
302,Sheelah,Duchasteau,sduchasteau8d@vinaora.com
303,Penni,Broker,pbroker8e@mtv.com
304,Nichol,Boarer,nboarer8f@ebay.com
305,Justin,Tabard,jtabard8g@yale.edu
306,Elinore,MacSweeney,emacsweeney8h@ucla.edu
307,Jarred,Ulrik,julrik8i@jalbum.net
308,Alvin,Shier,ashier8j@fda.gov
309,Barron,Rosi,brosi8k@sakura.ne.jp
310,Moina,Lilburne,mlilburne8l@deliciousdays.com
311,Debra,Polden,dpolden8m@squidoo.com
312,Celene,Fearfull,cfearfull8n@weibo.com
313,Wilburt,Llewelyn,wllewelyn8o@wix.com
314,Myer,Attock,mattock8p@joomla.org
315,Jackson,Hiscocks,jhiscocks8q@timesonline.co.uk
316,Yetta,Ardern,yardern8r@abc.net.au
317,Perle,O'Tierney,potierney8s@reddit.com
318,Boyd,Hurdman,bhurdman8t@bizjournals.com
319,Tobias,Gehrels,tgehrels8u@dropbox.com
320,Leland,Deeley,ldeeley8v@sourceforge.net
321,Fiorenze,Nutbean,fnutbean8w@bluehost.com
322,Jacynth,Scully,jscully8x@theatlantic.com
323,Roxine,Selkirk,rselkirk8y@washingtonpost.com
324,Kimbra,Aland,kaland8z@quantcast.com
325,Charil,Collum,ccollum90@tamu.edu
326,Federico,California,fcalifornia91@sogou.com
327,Edik,Rockhall,erockhall92@businessweek.com
328,Tad,Bernardotti,tbernardotti93@walmart.com
329,Shaine,Pitkaithly,spitkaithly94@biglobe.ne.jp
330,Sancho,Crannach,scrannach95@edublogs.org
331,Abagail,Stellino,astellino96@blogs.com
332,Krissie,de Quincey,kdequincey97@tinypic.com
333,Mariquilla,MacBarron,mmacbarron98@zimbio.com
334,Lisbeth,Dradey,ldradey99@latimes.com
335,Enos,Eldritt,eeldritt9a@imageshack.us
336,Darya,Aldins,daldins9b@reverbnation.com
337,Tamera,Giddins,tgiddins9c@salon.com
338,Jinny,McKevany,jmckevany9d@illinois.edu
339,Nikoletta,Caldwall,ncaldwall9e@usa.gov
340,Michail,Hazzard,mhazzard9f@tmall.com
341,Clemmy,Brandone,cbrandone9g@woothemes.com
342,Collen,Pennington,cpennington9h@homestead.com
343,Silvain,Akenhead,sakenhead9i@wix.com
344,Sophi,Gillani,sgillani9j@cargocollective.com
345,Clevie,Prestidge,cprestidge9k@ifeng.com
346,Maxine,Elletson,melletson9l@deviantart.com
347,Marlo,Hunting,mhunting9m@google.com
348,Vikki,Isakson,visakson9n@cbc.ca
349,Barnie,Bernette,bbernette9o@jigsy.com
350,Levi,Mumbray,lmumbray9p@bbb.org
351,Hersh,Domm,hdomm9q@issuu.com
352,Nannie,Chaudron,nchaudron9r@github.io
353,Brigida,Yanson,byanson9s@yelp.com
354,Lucienne,Rumgay,lrumgay9t@mayoclinic.com
355,Zacharia,Matzke,zmatzke9u@gov.uk
356,Tedra,Cordsen,tcordsen9v@ucoz.com
357,Mechelle,Bignall,mbignall9w@feedburner.com
358,Bartholomeus,Jeffcock,bjeffcock9x@spiegel.de
359,Leland,Keepin,lkeepin9y@hp.com
360,Laverna,Mates,lmates9z@dot.gov
361,Rab,But,rbuta0@tumblr.com
362,Mathe,Dougill,mdougilla1@skyrock.com
363,Candy,Gontier,cgontiera2@nymag.com
364,Carmencita,Beynkn,cbeynkna3@discovery.com
365,Vasilis,Breslau,vbreslaua4@statcounter.com
366,Ladonna,Tiesman,ltiesmana5@ox.ac.uk
367,Nikolos,Vasyunin,nvasyunina6@umn.edu
368,Nataline,Zamora,nzamoraa7@miibeian.gov.cn
369,Thornie,McCallum,tmccalluma8@nba.com
370,Annnora,Hughes,ahughesa9@mit.edu
371,Germain,Casbourne,gcasbourneaa@uiuc.edu
372,Amalea,Penzer,apenzerab@java.com
373,Zack,Drayton,zdraytonac@xing.com
374,Berri,Beckworth,bbeckworthad@last.fm
375,Elmira,Peatman,epeatmanae@1und1.de
376,Antoni,Jeandel,ajeandelaf@sciencedirect.com
377,Van,Agerskow,vagerskowag@gov.uk
378,Jehu,MacAlinden,jmacalindenah@vkontakte.ru
379,Sidoney,Temby,stembyai@fc2.com
380,Brew,Billie,bbillieaj@un.org
381,Shell,Borrow,sborrowak@list-manage.com
382,Willie,Enticknap,wenticknapal@java.com
383,Jacob,Hemeret,jhemeretam@reverbnation.com
384,Delmore,Nattrass,dnattrassan@spotify.com
385,Pier,Pennetti,ppennettiao@wikipedia.org
386,Rosmunda,Orrice,rorriceap@loc.gov
387,Alisander,Strood,astroodaq@surveymonkey.com
388,Sherie,McLevie,smcleviear@opensource.org
389,Pinchas,Stuckey,pstuckeyas@liveinternet.ru
390,Gawain,Giacobazzi,ggiacobazziat@istockphoto.com
391,Elihu,Laughren,elaughrenau@about.com
392,Ashla,Chotty,achottyav@salon.com
393,Darlene,Saines,dsainesaw@cmu.edu
394,Leon,Karlowicz,lkarlowiczax@stanford.edu
395,Ardine,Rolley,arolleyay@opensource.org
396,Cass,Champerlen,cchamperlenaz@forbes.com
397,Thaddus,Moulsdall,tmoulsdallb0@bloglines.com
398,Henry,Durbyn,hdurbynb1@shop-pro.jp
399,Peta,Quimby,pquimbyb2@constantcontact.com
400,Baron,Coulbeck,bcoulbeckb3@goo.ne.jp
401,Elfreda,Pallister,epallisterb4@cocolog-nifty.com
402,Christos,McKelloch,cmckellochb5@ox.ac.uk
403,Dane,Do,ddob6@nasa.gov
404,Liam,Ducker,lduckerb7@altervista.org
405,Sherry,Spawforth,sspawforthb8@apache.org
406,Bay,Galiero,bgalierob9@pagesperso-orange.fr
407,Ingrid,Grigolashvill,igrigolashvillba@boston.com
408,Wilie,Beaston,wbeastonbb@geocities.com
409,Lenard,Burgwin,lburgwinbc@nsw.gov.au
410,Janel,Hort,jhortbd@fema.gov
411,Andrea,Siddele,asiddelebe@altervista.org
412,Cindelyn,Gurko,cgurkobf@yelp.com
413,Briano,Medley,bmedleybg@bbb.org
414,Gnni,Paulillo,gpaulillobh@yahoo.com
415,Marj,Thunderman,mthundermanbi@redcross.org
416,Dahlia,Baudet,dbaudetbj@addthis.com
417,Kippie,Pendrick,kpendrickbk@fastcompany.com
418,Channa,Mountstephen,cmountstephenbl@addtoany.com
419,Alec,Digger,adiggerbm@smh.com.au
420,Annadiane,Larive,alarivebn@wiley.com
421,Arlin,Debling,adeblingbo@elpais.com
422,Prissie,Dodsworth,pdodsworthbp@hubpages.com
423,Maryanna,Hickinbottom,mhickinbottombq@lulu.com
424,Tamqrah,Robarts,trobartsbr@home.pl
425,Hubert,MacEntee,hmacenteebs@state.tx.us
426,Aurlie,Gowman,agowmanbt@rambler.ru
427,Benjie,McKniely,bmcknielybu@homestead.com
428,Veronike,Pagen,vpagenbv@bloglovin.com
429,Victoria,Rylands,vrylandsbw@discuz.net
430,Zora,Gantley,zgantleybx@howstuffworks.com
431,Cybill,Apthorpe,capthorpeby@wikipedia.org
432,Bentley,Emptage,bemptagebz@army.mil
433,Ethan,Cowwell,ecowwellc0@umich.edu
434,Haleigh,Buckerfield,hbuckerfieldc1@tamu.edu
435,Car,Waren,cwarenc2@abc.net.au
436,Vergil,Howison,vhowisonc3@hexun.com
437,Sibylle,Emblem,semblemc4@cyberchimps.com
438,Henryetta,Barclay,hbarclayc5@cbsnews.com
439,Sherline,Prentice,sprenticec6@istockphoto.com
440,Marga,Edwicke,medwickec7@census.gov
441,Rurik,Allpress,rallpressc8@dmoz.org
442,Derk,Bauer,dbauerc9@51.la
443,Georgi,Itzchaky,gitzchakyca@yellowbook.com
444,Sal,Alywin,salywincb@marketwatch.com
445,Anstice,Cortin,acortincc@quantcast.com
446,Davie,Cawthra,dcawthracd@samsung.com
447,Doti,Littlemore,dlittlemorece@miitbeian.gov.cn
448,Corrina,Edmondson,cedmondsoncf@cargocollective.com
449,Fancie,Volleth,fvollethcg@is.gd
450,Nannette,Dowbiggin,ndowbigginch@eventbrite.com
451,Jen,Collecott,jcollecottci@nydailynews.com
452,Alina,Childers,achilderscj@unblog.fr
453,Nowell,Grosvenor,ngrosvenorck@photobucket.com
454,Burg,Bilson,bbilsoncl@deliciousdays.com
455,Fredrika,Hands,fhandscm@house.gov
456,Rodolph,Beernt,rbeerntcn@businesswire.com
457,Pace,Makin,pmakinco@cargocollective.com
458,Maud,Durrett,mdurrettcp@addtoany.com
459,Harrison,Wandtke,hwandtkecq@china.com.cn
460,Kristofer,Hallgath,khallgathcr@linkedin.com
461,Kandy,Nicely,knicelycs@usda.gov
462,Kessia,Passfield,kpassfieldct@sfgate.com
463,Roley,Sanja,rsanjacu@artisteer.com
464,Archibald,Keenlayside,akeenlaysidecv@ebay.com
465,Franklyn,Kadwallider,fkadwallidercw@addthis.com
466,Mellie,Trower,mtrowercx@about.me
467,Koral,Wissbey,kwissbeycy@icq.com
468,Carena,Grills,cgrillscz@networksolutions.com
469,Sam,Daynter,sdaynterd0@pbs.org
470,Winny,Jackalin,wjackalind1@oaic.gov.au
471,Codie,Ottee,cotteed2@webmd.com
472,Rene,Bim,rbimd3@list-manage.com
473,Evangelin,Rego,eregod4@sitemeter.com
474,Michel,Kennedy,mkennedyd5@cocolog-nifty.com
475,Keely,Monkeman,kmonkemand6@forbes.com
476,Starr,Holberry,sholberryd7@studiopress.com
477,Anny,Khotler,akhotlerd8@nba.com
478,Silvana,Predohl,spredohld9@businesswire.com
479,Eleanore,Crammy,ecrammyda@toplist.cz
480,Davidson,Gallen,dgallendb@wisc.edu
481,Randolph,Greaves,rgreavesdc@mail.ru
482,Corabella,Bignold,cbignolddd@ifeng.com
483,Issiah,Labone,ilabonede@youtube.com
484,Adel,Girardez,agirardezdf@mozilla.com
485,Claire,Armfield,carmfielddg@edublogs.org
486,Merrielle,Dewan,mdewandh@netlog.com
487,Blair,Diack,bdiackdi@t.co
488,Kissee,Asprey,kaspreydj@dot.gov
489,Virgil,Hanbury,vhanburydk@furl.net
490,Grady,Tefft,gtefftdl@bloglovin.com
491,Dierdre,Death,ddeathdm@is.gd
492,Emerson,Norcutt,enorcuttdn@cnn.com
493,Winifred,Molden,wmoldendo@ted.com
494,Washington,McMaster,wmcmasterdp@washingtonpost.com
495,Augustine,Seamark,aseamarkdq@dion.ne.jp
496,Libbey,Grunson,lgrunsondr@webeden.co.uk
497,Laurette,Scandrite,lscandriteds@businessinsider.com
498,Nariko,Fenelon,nfenelondt@rakuten.co.jp
499,Torey,Molyneux,tmolyneuxdu@examiner.com
500,Maure,Stoad,mstoaddv@webmd.com
501,Pauly,Chell,pchelldw@elpais.com
502,Star,Pennaman,spennamandx@senate.gov
503,Thedric,Marie,tmariedy@baidu.com
504,Elsie,Filoniere,efilonieredz@cdc.gov
505,Tarrah,O' Neligan,toneligane0@whitehouse.gov
506,Alison,Stoeck,astoecke1@tamu.edu
507,Lorne,Cramond,lcramonde2@cam.ac.uk
508,Donall,Marsy,dmarsye3@ed.gov
509,Drona,Dreghorn,ddreghorne4@so-net.ne.jp
510,Angie,Humphery,ahumpherye5@dailymotion.com
511,Nona,Driffe,ndriffee6@merriam-webster.com
512,Dallas,Waterhouse,dwaterhousee7@blogspot.com
513,Melodie,Navaro,mnavaroe8@dyndns.org
514,Ezmeralda,Dulin,eduline9@ox.ac.uk
515,Anabelle,Bittlestone,abittlestoneea@printfriendly.com
516,Henrie,MacDowal,hmacdowaleb@samsung.com
517,Eldin,Maw,emawec@cbslocal.com
518,Brenden,Bugden,bbugdened@hatena.ne.jp
519,Filide,Osgardby,fosgardbyee@netvibes.com
520,Adriano,Annets,aannetsef@woothemes.com
521,Katinka,Witcher,kwitchereg@parallels.com
522,Brantley,Merveille,bmerveilleeh@hubpages.com
523,Cati,Lind,clindei@about.com
524,Willi,MacDonnell,wmacdonnellej@discuz.net
525,Juieta,Deller,jdellerek@jalbum.net
526,Iago,Gollard,igollardel@360.cn
527,Jenn,Mahedy,jmahedyem@cyberchimps.com
528,Bevin,Ginie,bginieen@mtv.com
529,Jemmie,Blabie,jblabieeo@amazon.co.uk
530,Seth,Hellings,shellingsep@thetimes.co.uk
531,Charles,Matveichev,cmatveicheveq@dagondesign.com
532,Ross,Mathie,rmathieer@fda.gov
533,Duffy,Otton,dottones@mit.edu
534,Evin,Flecknoe,eflecknoeet@berkeley.edu
535,Danika,Giamuzzo,dgiamuzzoeu@wikipedia.org
536,Shina,Hutley,shutleyev@yellowbook.com
537,Evin,Saunton,esauntonew@engadget.com
538,Harman,Duester,hduesterex@google.pl
539,Dynah,Wythill,dwythilley@nsw.gov.au
540,Krysta,Adrienne,kadrienneez@pinterest.com
541,Barris,Cisco,bciscof0@webs.com
542,Berkly,Fellos,bfellosf1@bravesites.com
543,Joyce,Grant,jgrantf2@state.gov
544,Darbie,Doumic,ddoumicf3@army.mil
545,Frazier,Bouch,fbouchf4@tiny.cc
546,Gussi,Strickler,gstricklerf5@blog.com
547,Ashlee,De Laspee,adelaspeef6@cafepress.com
548,Uta,Jurn,ujurnf7@prweb.com
549,Hillary,Gannon,hgannonf8@cyberchimps.com
550,Athene,Sibbald,asibbaldf9@google.com
551,Jacquenetta,Grafton,jgraftonfa@phoca.cz
552,Clive,Hoggin,chogginfb@fastcompany.com
553,Idalia,Minchindon,iminchindonfc@bbb.org
554,Carlo,Sammon,csammonfd@topsy.com
555,Jordana,Elden,jeldenfe@facebook.com
556,Constancia,Harness,charnessff@comsenz.com
557,Cordy,Kull,ckullfg@twitter.com
558,Madelene,Cordsen,mcordsenfh@ameblo.jp
559,Penelopa,Dwelling,pdwellingfi@weibo.com
560,Betteanne,Markel,bmarkelfj@feedburner.com
561,Leigha,Caen,lcaenfk@marketwatch.com
562,Celestina,Backman,cbackmanfl@howstuffworks.com
563,Dix,Creed,dcreedfm@craigslist.org
564,Sibeal,Hancell,shancellfn@chicagotribune.com
565,Gunner,Plumptre,gplumptrefo@umn.edu
566,Tobe,Barradell,tbarradellfp@psu.edu
567,Dulcie,Drinan,ddrinanfq@weebly.com
568,Celle,Loweth,clowethfr@cbc.ca
569,Bryon,Jarman,bjarmanfs@ustream.tv
570,Cathie,Trimming,ctrimmingft@imageshack.us
571,Shelbi,Manion,smanionfu@ning.com
572,Bell,Grisley,bgrisleyfv@so-net.ne.jp
573,Harmon,Osgarby,hosgarbyfw@google.com
574,Glyn,Blinckhorne,gblinckhornefx@dell.com
575,Fairfax,Seagrave,fseagravefy@bluehost.com
576,Lethia,Vitte,lvittefz@shareasale.com
577,Stavros,Tatters,stattersg0@multiply.com
578,Valentin,Grinov,vgrinovg1@deliciousdays.com
579,Philip,Tweedlie,ptweedlieg2@accuweather.com
580,Kathlin,Grcic,kgrcicg3@baidu.com
581,Lorraine,Mateuszczyk,lmateuszczykg4@fotki.com
582,Ashli,McAllester,amcallesterg5@51.la
583,Griffie,Collum,gcollumg6@guardian.co.uk
584,Zola,Haggata,zhaggatag7@devhub.com
585,Trev,Ironside,tironsideg8@studiopress.com
586,Jaquith,Rowcliffe,jrowcliffeg9@wikia.com
587,Liana,Feaster,lfeasterga@csmonitor.com
588,Patricio,Sheen,psheengb@dedecms.com
589,Bertram,McMychem,bmcmychemgc@cloudflare.com
590,Mozes,Lasty,mlastygd@psu.edu
591,Myrvyn,Dowell,mdowellge@wikispaces.com
592,Mercie,Haily,mhailygf@ucoz.ru
593,Cassi,Wadeling,cwadelinggg@nydailynews.com
594,Ira,Sloane,isloanegh@bloglines.com
595,Izak,Bruhn,ibruhngi@arstechnica.com
596,Alair,Rittmeier,arittmeiergj@utexas.edu
597,Bruis,Pays,bpaysgk@vkontakte.ru
598,Ynes,Adshede,yadshedegl@upenn.edu
599,Eartha,Betty,ebettygm@ifeng.com
600,Gale,Anglim,ganglimgn@kickstarter.com
601,Sally,D'Orsay,sdorsaygo@newsvine.com
602,Geoffrey,Pursey,gpurseygp@nbcnews.com
603,Feodor,Canero,fcanerogq@homestead.com
604,Lisa,Cardo,lcardogr@army.mil
605,Callie,Prandi,cprandigs@ucoz.ru
606,Katerine,Ferriday,kferridaygt@cmu.edu
607,Alphard,Charlot,acharlotgu@tmall.com
608,Merrilee,Wilks,mwilksgv@printfriendly.com
609,Frants,Bruntjen,fbruntjengw@shop-pro.jp
610,Charmain,Georgel,cgeorgelgx@digg.com
611,Ursulina,Fullagar,ufullagargy@comsenz.com
612,Melanie,Bompas,mbompasgz@dailymail.co.uk
613,Ricky,Royse,rroyseh0@zimbio.com
614,Nicky,Hughf,nhughfh1@abc.net.au
615,Maire,Huffey,mhuffeyh2@dell.com
616,Luelle,Bosche,lboscheh3@digg.com
617,Margery,Quillinane,mquillinaneh4@wikipedia.org
618,Annabella,Langcaster,alangcasterh5@pen.io
619,Richie,Walsham,rwalshamh6@wp.com
620,Clareta,Cogdon,ccogdonh7@cloudflare.com
621,Ned,Biddleston,nbiddlestonh8@epa.gov
622,Alysa,Flecknoe,aflecknoeh9@google.nl
623,Noemi,Dur,ndurha@nhs.uk
624,Donnajean,Sevin,dsevinhb@cnet.com
625,Emera,Bellson,ebellsonhc@uol.com.br
626,Amber,China,achinahd@pen.io
627,Frannie,Jachtym,fjachtymhe@jimdo.com
628,Shea,Spoor,sspoorhf@studiopress.com
629,Rockey,Siggens,rsiggenshg@histats.com
630,Veronica,Sawart,vsawarthh@bandcamp.com
631,Mike,Beaglehole,mbeagleholehi@delicious.com
632,Goldi,Dogg,gdogghj@techcrunch.com
633,Fawnia,Bonnesen,fbonnesenhk@imgur.com
634,Kelci,Cowpertwait,kcowpertwaithl@baidu.com
635,Iris,Bonhome,ibonhomehm@kickstarter.com
636,Ignace,Rapps,irappshn@jugem.jp
637,Giacopo,Caruth,gcaruthho@nbcnews.com
638,Hanson,Milnthorpe,hmilnthorpehp@myspace.com
639,Brantley,Cleevely,bcleevelyhq@bravesites.com
640,Leighton,Jagels,ljagelshr@wix.com
641,Humphrey,Lackham,hlackhamhs@sciencedaily.com
642,Annadiane,Blodgett,ablodgettht@kickstarter.com
643,Debbi,Guthrie,dguthriehu@lulu.com
644,Jarid,Gollard,jgollardhv@google.com.au
645,Rawley,Gush,rgushhw@engadget.com
646,Brandon,Shillabear,bshillabearhx@soup.io
647,Rosalinda,Kopacek,rkopacekhy@reference.com
648,Nestor,Trendle,ntrendlehz@google.cn
649,Mozes,Goolden,mgooldeni0@cloudflare.com
650,Lelia,Harries,lharriesi1@nytimes.com
651,Harcourt,Dreakin,hdreakini2@aol.com
652,My,Lancaster,mlancasteri3@about.com
653,Beatrisa,Wallentin,bwallentini4@tinyurl.com
654,Cammie,Chantillon,cchantilloni5@pagesperso-orange.fr
655,Horacio,Hatwell,hhatwelli6@bandcamp.com
656,Ede,Starie,estariei7@multiply.com
657,Kurtis,Satford,ksatfordi8@smh.com.au
658,Stefania,Zmitruk,szmitruki9@dailymail.co.uk
659,Hazlett,Bradburn,hbradburnia@amazon.com
660,Hunfredo,Lamminam,hlamminamib@hibu.com
661,Bernardo,De Moreno,bdemorenoic@artisteer.com
662,Val,Jinkin,vjinkinid@parallels.com
663,Jeri,Van de Castele,jvandecasteleie@rambler.ru
664,Christopher,Perello,cperelloif@usgs.gov
665,Zsazsa,Beedham,zbeedhamig@php.net
666,Rebe,Floch,rflochih@paginegialle.it
667,Happy,Perrelli,hperrelliii@hostgator.com
668,Tanny,Fearnyough,tfearnyoughij@slideshare.net
669,Hodge,Ramstead,hramsteadik@nationalgeographic.com
670,Cristy,Mulkerrins,cmulkerrinsil@nbcnews.com
671,Legra,Simonassi,lsimonassiim@github.com
672,Carita,Denekamp,cdenekampin@exblog.jp
673,Ofilia,Hirthe,ohirtheio@cmu.edu
674,Gerri,Shedd,gsheddip@nymag.com
675,Ciel,Mitcham,cmitchamiq@examiner.com
676,Heath,Lacrouts,hlacroutsir@pbs.org
677,Merlina,Wibrew,mwibrewis@discuz.net
678,Alistair,Coopland,acooplandit@skype.com
679,Sheelagh,Pudge,spudgeiu@auda.org.au
680,Jacquelynn,Beany,jbeanyiv@a8.net
681,Geoff,Pantone,gpantoneiw@newyorker.com
682,Kathryn,Wardrop,kwardropix@slashdot.org
683,Renaud,Clausson,rclaussoniy@wisc.edu
684,Pinchas,Maryon,pmaryoniz@usda.gov
685,Nicky,Edwicker,nedwickerj0@goo.ne.jp
686,Joshuah,Wreak,jwreakj1@tinypic.com
687,Eddi,Burden,eburdenj2@wikimedia.org
688,Walker,Willavize,wwillavizej3@aol.com
689,Lind,Beggini,lbegginij4@bbc.co.uk
690,Noellyn,Blackater,nblackaterj5@marketwatch.com
691,Thibaud,McBain,tmcbainj6@cdc.gov
692,Eben,Francesch,efranceschj7@miibeian.gov.cn
693,Roze,Prevost,rprevostj8@delicious.com
694,Jerrilyn,McTrustrie,jmctrustriej9@dagondesign.com
695,Alleen,Ebbens,aebbensja@de.vu
696,Kasper,Symms,ksymmsjb@cmu.edu
697,Ario,Pigram,apigramjc@prweb.com
698,Jennilee,Waugh,jwaughjd@smh.com.au
699,Lonnie,Cogswell,lcogswellje@nbcnews.com
700,Bryn,Langtree,blangtreejf@toplist.cz
701,Lind,Braxay,lbraxayjg@slashdot.org
702,Colby,Cleeves,ccleevesjh@hugedomains.com
703,Ab,Uttermare,auttermareji@nih.gov
704,Mame,Lovart,mlovartjj@mlb.com
705,Sophi,Ife,sifejk@unesco.org
706,Audre,Grebner,agrebnerjl@theguardian.com
707,Charmain,Lowsely,clowselyjm@issuu.com
708,Chip,Cariss,ccarissjn@ovh.net
709,Ollie,Messingham,omessinghamjo@amazon.co.jp
710,Fredek,Lashford,flashfordjp@fda.gov
711,Christoffer,Sleany,csleanyjq@indiegogo.com
712,Chrysler,Beddie,cbeddiejr@illinois.edu
713,Amelie,Elcox,aelcoxjs@ted.com
714,Hephzibah,Scowcroft,hscowcroftjt@people.com.cn
715,Tymon,Wynch,twynchju@businessweek.com
716,Rosemary,Arendt,rarendtjv@wix.com
717,Bar,Rouchy,brouchyjw@fastcompany.com
718,Anastassia,Goult,agoultjx@nbcnews.com
719,Cynthia,Josefsson,cjosefssonjy@scribd.com
720,Erny,Lorroway,elorrowayjz@wired.com
721,Carol,Marzelo,cmarzelok0@woothemes.com
722,Hershel,Tustin,htustink1@home.pl
723,Ilsa,Fenn,ifennk2@ezinearticles.com
724,Mead,Stedman,mstedmank3@omniture.com
725,Karine,Giovannini,kgiovanninik4@deviantart.com
726,Dinnie,Duer,dduerk5@about.me
727,Anissa,Harnes,aharnesk6@addtoany.com
728,Joelly,Langley,jlangleyk7@tmall.com
729,Emmie,Benduhn,ebenduhnk8@is.gd
730,Taddeusz,Staten,tstatenk9@jigsy.com
731,Che,Walley,cwalleyka@bigcartel.com
732,Reinhard,Mylechreest,rmylechreestkb@mail.ru
733,Janet,Waylett,jwaylettkc@yelp.com
734,Celestine,Frape,cfrapekd@nifty.com
735,Barrie,Clipson,bclipsonke@prlog.org
736,Haven,Tivers,htiverskf@feedburner.com
737,Tomkin,Ruegg,trueggkg@bravesites.com
738,Fabien,Maskell,fmaskellkh@weibo.com
739,Garvin,Jesse,gjesseki@i2i.jp
740,Marty,Volonte,mvolontekj@mit.edu
741,Ciro,Labes,clabeskk@who.int
742,Rois,Boddie,rboddiekl@miibeian.gov.cn
743,Donn,Sefton,dseftonkm@jigsy.com
744,Demetra,Trusler,dtruslerkn@printfriendly.com
745,Jessica,Charlwood,jcharlwoodko@princeton.edu
746,Farr,Playden,fplaydenkp@zimbio.com
747,Melisse,McMahon,mmcmahonkq@ifeng.com
748,Tiphanie,O' Kelleher,tokelleherkr@parallels.com
749,Cecelia,Fleischer,cfleischerks@harvard.edu
750,Clarice,Brann,cbrannkt@friendfeed.com
751,Brande,Whittlesee,bwhittleseeku@berkeley.edu
752,Anallese,Swires,aswireskv@people.com.cn
753,Elfreda,Demcik,edemcikkw@vimeo.com
754,Hewie,Prahl,hprahlkx@go.com
755,Elaina,Livingston,elivingstonky@hhs.gov
756,Kylila,Skynner,kskynnerkz@amazon.de
757,Harvey,Geikie,hgeikiel0@webs.com
758,Tristan,Kleinfeld,tkleinfeldl1@goodreads.com
759,Bail,Terram,bterraml2@sun.com
760,Henrie,Routhorn,hrouthornl3@mit.edu
761,Jamie,Veracruysse,jveracruyssel4@gravatar.com
762,Erma,Olivo,eolivol5@latimes.com
763,Alexia,Jeannequin,ajeannequinl6@google.ru
764,Obadiah,Hayto,ohaytol7@howstuffworks.com
765,Meyer,Moscone,mmosconel8@ed.gov
766,Demott,McGuiney,dmcguineyl9@cdc.gov
767,Gwendolin,Yoxall,gyoxallla@theglobeandmail.com
768,Keeley,Mudd,kmuddlb@gov.uk
769,Izaak,Donohue,idonohuelc@virginia.edu
770,Gregoire,Knowlys,gknowlysld@spiegel.de
771,Caitlin,Houldcroft,chouldcroftle@cornell.edu
772,Brandi,Bromfield,bbromfieldlf@soundcloud.com
773,Reinwald,Liversedge,rliversedgelg@topsy.com
774,Hewitt,Scarborough,hscarboroughlh@sourceforge.net
775,Jenny,Critch,jcritchli@discuz.net
776,Marlene,Straughan,mstraughanlj@globo.com
777,Donielle,Lemmon,dlemmonlk@google.pl
778,Raimundo,Sineath,rsineathll@gov.uk
779,Giffie,McNee,gmcneelm@barnesandnoble.com
780,Agnella,Ciotti,aciottiln@mashable.com
781,Emilio,Bowkley,ebowkleylo@jugem.jp
782,Perice,Bartolomeu,pbartolomeulp@wp.com
783,Faythe,Caulier,fcaulierlq@webnode.com
784,Jermain,Thairs,jthairslr@parallels.com
785,Griffin,Blaszczak,gblaszczakls@g.co
786,Reynolds,Tarbin,rtarbinlt@businessweek.com
787,Dolorita,Sabbin,dsabbinlu@imgur.com
788,Michel,Handrick,mhandricklv@flavors.me
789,Shane,Goring,sgoringlw@dion.ne.jp
790,Venita,Laity,vlaitylx@weibo.com
791,Pierette,Lake,plakely@issuu.com
792,Cortie,Fitzjohn,cfitzjohnlz@va.gov
793,Haze,Casaccia,hcasacciam0@flickr.com
794,Lothario,Sautter,lsautterm1@multiply.com
795,Ryan,Basek,rbasekm2@dion.ne.jp
796,Kimmi,Doig,kdoigm3@vkontakte.ru
797,Adey,Milan,amilanm4@cnbc.com
798,Kali,Munkley,kmunkleym5@kickstarter.com
799,Kaspar,Cantwell,kcantwellm6@delicious.com
800,Berton,Hansel,bhanselm7@scribd.com
801,Glendon,Gault,ggaultm8@barnesandnoble.com
802,Faunie,Pentony,fpentonym9@businesswire.com
803,Juana,McCrostie,jmccrostiema@google.fr
804,Tallulah,Drogan,tdroganmb@guardian.co.uk
805,Elnore,Joice,ejoicemc@wikia.com
806,Brittne,Couche,bcouchemd@blog.com
807,Laurent,Matteo,lmatteome@intel.com
808,Brice,Korneichuk,bkorneichukmf@creativecommons.org
809,Giffie,Langabeer,glangabeermg@flavors.me
810,Josepha,Heifer,jheifermh@reference.com
811,Simona,Beynkn,sbeynknmi@mapquest.com
812,Elita,Syme,esymemj@columbia.edu
813,Winnie,O'Shields,woshieldsmk@biglobe.ne.jp
814,Robbie,Bess,rbessml@dailymotion.com
815,Alex,Seleway,aselewaymm@ameblo.jp
816,Leigha,Lightewood,llightewoodmn@nhs.uk
817,Martina,Gauchier,mgauchiermo@homestead.com
818,Locke,Georgievski,lgeorgievskimp@un.org
819,Skippy,Jane,sjanemq@digg.com
820,Seana,Covotti,scovottimr@paginegialle.it
821,Kipp,Kynnd,kkynndms@wiley.com
822,Toddie,Gobourn,tgobournmt@newyorker.com
823,Rodolfo,McGrail,rmcgrailmu@google.cn
824,Donnajean,Blakes,dblakesmv@google.ca
825,Pearline,Tousey,ptouseymw@ibm.com
826,Hewett,Sams,hsamsmx@archive.org
827,Luis,Peteri,lpeterimy@webeden.co.uk
828,Diahann,Reggler,dregglermz@omniture.com
829,Bennett,Sesser,bsessern0@examiner.com
830,Penelope,Witling,pwitlingn1@house.gov
831,Armando,Kurth,akurthn2@com.com
832,Kiersten,Woodes,kwoodesn3@mayoclinic.com
833,Dallis,Jeness,djenessn4@pen.io
834,Verne,Stratley,vstratleyn5@upenn.edu
835,Cooper,Bellam,cbellamn6@omniture.com
836,Fonzie,Shave,fshaven7@typepad.com
837,Noland,Drees,ndreesn8@naver.com
838,Klemens,Boorn,kboornn9@prlog.org
839,Lissie,Kopps,lkoppsna@illinois.edu
840,Clarette,Gannicott,cgannicottnb@utexas.edu
841,Barbette,Chelnam,bchelnamnc@plala.or.jp
842,Teena,Richemond,trichemondnd@vinaora.com
843,Mayor,Poulsen,mpoulsenne@example.com
844,Kimmi,Hallt,khalltnf@home.pl
845,Staford,Cota,scotang@phoca.cz
846,Caldwell,Trethowan,ctrethowannh@businessweek.com
847,Ronnie,Raggitt,rraggittni@google.nl
848,Kiri,Spearing,kspearingnj@arizona.edu
849,Jenifer,Rudiger,jrudigernk@nyu.edu
850,Randa,MacPhaden,rmacphadennl@scribd.com
851,Rania,Calcraft,rcalcraftnm@gmpg.org
852,Ashlie,Matthewman,amatthewmannn@google.pl
853,Bernadine,Maliphant,bmaliphantno@irs.gov
854,Windy,Cheak,wcheaknp@ucoz.ru
855,Finley,Daviddi,fdaviddinq@symantec.com
856,Alicea,Dregan,adregannr@google.co.jp
857,Osmond,Eardley,oeardleyns@shareasale.com
858,Eyde,Dallas,edallasnt@businesswire.com
859,Nathanael,Eisenberg,neisenbergnu@myspace.com
860,Jordon,Simioni,jsimioninv@google.es
861,Dorrie,Ryburn,dryburnnw@xinhuanet.com
862,Lulu,Vinsen,lvinsennx@gravatar.com
863,Daron,Antonomoli,dantonomoliny@guardian.co.uk
864,Gordon,Sopp,gsoppnz@cbsnews.com
865,Franz,Harken,fharkeno0@ehow.com
866,Odelinda,Butteris,obutteriso1@behance.net
867,Emmott,Eakin,eeakino2@pinterest.com
868,Jeanne,Cockshut,jcockshuto3@deliciousdays.com
869,Gerda,Christophle,gchristophleo4@phoca.cz
870,Leonid,Alten,lalteno5@ca.gov
871,Lezlie,Pantling,lpantlingo6@printfriendly.com
872,Abe,Garvan,agarvano7@house.gov
873,Curt,Banting,cbantingo8@joomla.org
874,Kip,Blower,kblowero9@barnesandnoble.com
875,Brittney,Strangman,bstrangmanoa@nationalgeographic.com
876,Pearline,Fitzharris,pfitzharrisob@mashable.com
877,Daisey,Franciskiewicz,dfranciskiewiczoc@geocities.jp
878,Madelena,Cordy,mcordyod@last.fm
879,Fanchon,Juorio,fjuoriooe@vimeo.com
880,Horst,Bignal,hbignalof@php.net
881,Felike,Dunstone,fdunstoneog@sphinn.com
882,Liv,Hodges,lhodgesoh@shutterfly.com
883,Eric,Follit,efollitoi@parallels.com
884,Christos,Josum,cjosumoj@google.com.hk
885,Regine,Morison,rmorisonok@is.gd
886,Vale,Leathley,vleathleyol@wix.com
887,Amy,Fraschini,afraschiniom@fotki.com
888,Mauricio,Scawton,mscawtonon@whitehouse.gov
889,Anabelle,Early,aearlyoo@spotify.com
890,Frasco,Gazey,fgazeyop@eventbrite.com
891,Raine,Gergus,rgergusoq@indiegogo.com
892,Jasun,Raddan,jraddanor@google.ru
893,Merrill,Domerq,mdomerqos@canalblog.com
894,Birch,Borrett,bborrettot@youtu.be
895,Latashia,Fell,lfellou@usnews.com
896,Spike,Carrabot,scarrabotov@yahoo.co.jp
897,Buddie,Tivnan,btivnanow@live.com
898,Rickie,O'Neill,roneillox@example.com
899,Yovonnda,Lux,yluxoy@senate.gov
900,Bearnard,Barrim,bbarrimoz@mit.edu
901,Aila,Rohlf,arohlfp0@ed.gov
902,Sonia,Moran,smoranp1@sourceforge.net
903,Jereme,Pearse,jpearsep2@tumblr.com
904,Jayne,Suatt,jsuattp3@google.cn
905,Priscella,Schiesterl,pschiesterlp4@aol.com
906,Elle,Dewer,edewerp5@networksolutions.com
907,Aloisia,Pettyfar,apettyfarp6@sitemeter.com
908,Mathias,Coughtrey,mcoughtreyp7@github.com
909,Goldi,Dungate,gdungatep8@google.co.uk
910,Bonnee,Franklen,bfranklenp9@amazon.co.uk
911,Aretha,Hallahan,ahallahanpa@hostgator.com
912,Niels,Woodrooffe,nwoodrooffepb@wix.com
913,Charlton,Bowich,cbowichpc@networksolutions.com
914,Rebekah,Escala,rescalapd@usatoday.com
915,Sabra,Stickland,ssticklandpe@soundcloud.com
916,Wilton,Mapston,wmapstonpf@amazon.com
917,Son,Forlong,sforlongpg@vinaora.com
918,Maximilien,Gelderd,mgelderdph@census.gov
919,Thatch,Phipson,tphipsonpi@house.gov
920,Dulcinea,Ivantyev,divantyevpj@fastcompany.com
921,Burtie,Pape,bpapepk@house.gov
922,Sargent,Blitz,sblitzpl@ihg.com
923,Melisent,Loveridge,mloveridgepm@wired.com
924,Giuditta,Van der Kruijs,gvanderkruijspn@netscape.com
925,Damita,Mouncher,dmouncherpo@nyu.edu
926,Osbourn,Dorsett,odorsettpp@noaa.gov
927,Temp,MacRory,tmacrorypq@stanford.edu
928,Tedda,Jerdon,tjerdonpr@dailymotion.com
929,Bernhard,Willgrass,bwillgrassps@squarespace.com
930,Creighton,Dorken,cdorkenpt@wisc.edu
931,Marissa,Garmans,mgarmanspu@nih.gov
932,Axe,Crewdson,acrewdsonpv@engadget.com
933,Cirilo,Wastall,cwastallpw@furl.net
934,Livy,Haythorne,lhaythornepx@surveymonkey.com
935,Jannel,Bernhardsson,jbernhardssonpy@behance.net
936,Valry,Hirthe,vhirthepz@ustream.tv
937,Ricardo,Gallier,rgallierq0@vistaprint.com
938,Norri,Askwith,naskwithq1@whitehouse.gov
939,Ddene,Copeman,dcopemanq2@php.net
940,Dugald,Landal,dlandalq3@blogger.com
941,Nady,Buye,nbuyeq4@networkadvertising.org
942,Jacintha,Yerby,jyerbyq5@deviantart.com
943,Prince,Madden,pmaddenq6@ezinearticles.com
944,Jilly,Stife,jstifeq7@whitehouse.gov
945,Carmine,McGennis,cmcgennisq8@wunderground.com
946,Fletch,Temporal,ftemporalq9@cnn.com
947,Min,Saffran,msaffranqa@elpais.com
948,Sylas,Mattiacci,smattiacciqb@macromedia.com
949,Wildon,Oppery,wopperyqc@nyu.edu
950,Rubie,Neising,rneisingqd@twitter.com
951,Kettie,Forbes,kforbesqe@cbc.ca
952,Glendon,Penketh,gpenkethqf@biblegateway.com
953,Martynne,Canadas,mcanadasqg@google.co.uk
954,Peg,De-Ville,pdevilleqh@icq.com
955,Katina,McFetrich,kmcfetrichqi@salon.com
956,Agatha,Skinn,askinnqj@arstechnica.com
957,Mattie,Tincombe,mtincombeqk@java.com
958,Eziechiele,Meynell,emeynellql@php.net
959,Hetti,Yewdale,hyewdaleqm@github.io
960,Elbertine,Jenson,ejensonqn@amazon.co.uk
961,Eyde,Alywin,ealywinqo@ycombinator.com
962,Roxine,Real,rrealqp@about.me
963,Eugenia,Grigs,egrigsqq@nyu.edu
964,Livia,Cornehl,lcornehlqr@bloglines.com
965,Kalie,Oldman,koldmanqs@auda.org.au
966,Jerrold,Mullinder,jmullinderqt@cdbaby.com
967,Winfield,Gridley,wgridleyqu@reddit.com
968,Aurelie,Miskimmon,amiskimmonqv@google.it
969,Caprice,Farguhar,cfarguharqw@pen.io
970,Lambert,Dunnan,ldunnanqx@go.com
971,Sapphire,Penna,spennaqy@123-reg.co.uk
972,Clemmie,Bell,cbellqz@mail.ru
973,Emelita,Naper,enaperr0@constantcontact.com
974,Jessalyn,Torry,jtorryr1@msn.com
975,Giustina,Parysiak,gparysiakr2@cpanel.net
976,Rodie,Heffy,rheffyr3@shutterfly.com
977,Christa,Corradengo,ccorradengor4@foxnews.com
978,Marlie,Maharey,mmahareyr5@umn.edu
979,Lurleen,Lightning,llightningr6@xrea.com
980,Hazel,Dilkes,hdilkesr7@oakley.com
981,Vida,Teresa,vteresar8@timesonline.co.uk
982,Gonzalo,Wedgbrow,gwedgbrowr9@discuz.net
983,Sayre,Griffitts,sgriffittsra@networksolutions.com
984,Lil,Deboy,ldeboyrb@army.mil
985,Erin,Balf,ebalfrc@soup.io
986,Jeannette,Balasini,jbalasinird@phoca.cz
987,Selie,Buckham,sbuckhamre@ovh.net
988,Franciska,Beelby,fbeelbyrf@addthis.com
989,Clair,Cafferty,ccaffertyrg@utexas.edu
990,Malvin,Corfield,mcorfieldrh@google.com.au
991,Darbee,Hillock,dhillockri@ucoz.com
992,Sean,Gynni,sgynnirj@smugmug.com
993,Katrine,Tomovic,ktomovicrk@google.ca
994,Rebeka,Orringe,rorringerl@omniture.com
995,Gunter,Raggatt,graggattrm@java.com
996,Clo,Showt,cshowtrn@icio.us
997,Edwin,MacRinn,emacrinnro@ox.ac.uk
998,Jerrold,Lohan,jlohanrp@ucsd.edu
999,Sallee,Dalston,sdalstonrq@unicef.org
1000,Riley,Betz,rbetzrr@networkadvertising.org
